<?xml version="1.0"?>
<doc>
    <assembly>
        <name>GuerrillaNtp</name>
    </assembly>
    <members>
        <member name="T:GuerrillaNtp.NtpClient">
            <summary>
            Represents UDP socket used to communicate with RFC4330-compliant SNTP/NTP server.
            </summary>
            <remarks>
            <para>
            See <a href="https://guerrillantp.machinezoo.com/">project homepage</a> for guidance on how to use GuerrillaNtp.
            Most applications should just call <see cref="M:GuerrillaNtp.NtpClient.GetCorrectionOffset" />
            after instantiating this class. Method <see cref="M:GuerrillaNtp.NtpClient.Query" />
            can be used to obtain additional details stored in reply <see cref="T:GuerrillaNtp.NtpPacket" />.
            </para>
            <para>
            This class holds unmanaged resources (the socket) and callers are responsible
            for calling <see cref="M:GuerrillaNtp.NtpClient.Dispose" /> when they are done,
            perhaps by instantiating this class in <c>using</c> block.
            </para>
            <para>
            It is application responsibility to be a good netizen,
            which most importantly means using reasonable polling intervals
            and exponential backoff when querying public NTP server.
            </para>
            </remarks>
        </member>
        <member name="P:GuerrillaNtp.NtpClient.Timeout">
            <summary>
            Gets or sets the timeout for SNTP queries.
            </summary>
            <value>
            Timeout for SNTP queries. Default is one second.
            </value>
        </member>
        <member name="M:GuerrillaNtp.NtpClient.#ctor(System.Net.IPEndPoint)">
            <summary>
            Creates new <see cref="T:GuerrillaNtp.NtpClient" /> from server endpoint.
            </summary>
            <param name="endpoint">Endpoint of the remote SNTP server.</param>
            <seealso cref="M:GuerrillaNtp.NtpClient.#ctor(System.Net.IPAddress,System.Int32)" />
            <seealso cref="M:GuerrillaNtp.NtpClient.Dispose" />
        </member>
        <member name="M:GuerrillaNtp.NtpClient.#ctor(System.Net.IPAddress,System.Int32)">
            <summary>
            Creates new <see cref="T:GuerrillaNtp.NtpClient" /> from server's IP address and optional port.
            </summary>
            <param name="address">IP address of remote SNTP server</param>
            <param name="port">Port of remote SNTP server. Default is 123 (standard NTP port).</param>
            <seealso cref="M:GuerrillaNtp.NtpClient.#ctor(System.Net.IPEndPoint)" />
            <seealso cref="M:GuerrillaNtp.NtpClient.Dispose" />
        </member>
        <member name="M:GuerrillaNtp.NtpClient.Dispose">
            <summary>
            Releases all resources held by <see cref="T:GuerrillaNtp.NtpClient" />.
            </summary>
            <remarks>
            <see cref="T:GuerrillaNtp.NtpClient" /> holds reference to <see cref="T:System.Net.Sockets.Socket" />,
            which must be explicitly released to avoid memory leaks.
            </remarks>
        </member>
        <member name="M:GuerrillaNtp.NtpClient.GetCorrectionOffset">
            <summary>
            Queries the SNTP server and returns correction offset.
            </summary>
            <remarks>
            Use this method if you just want correction offset from the server.
            Call <see cref="M:GuerrillaNtp.NtpClient.Query" /> to obtain <see cref="T:GuerrillaNtp.NtpPacket" />
            with additional information besides <see cref="P:GuerrillaNtp.NtpPacket.CorrectionOffset" />.
            </remarks>
            <returns>
            Offset that should be added to local time to match server time.
            </returns>
            <exception cref="T:GuerrillaNtp.NtpException">Thrown when the server responds with invalid reply packet.</exception>
            <exception cref="T:System.Net.Sockets.SocketException">
            Thrown when no reply is received before <see cref="P:GuerrillaNtp.NtpClient.Timeout" /> is reached
            or when there is an error communicating with the server.
            </exception>
            <seealso cref="M:GuerrillaNtp.NtpClient.Query" />
            <seealso cref="P:GuerrillaNtp.NtpPacket.CorrectionOffset" />
        </member>
        <member name="M:GuerrillaNtp.NtpClient.Query(GuerrillaNtp.NtpPacket)">
            <summary>
            Queries the SNTP server with configurable <see cref="T:GuerrillaNtp.NtpPacket" /> request.
            </summary>
            <param name="request">SNTP request packet to use when querying the network time server.</param>
            <returns>SNTP reply packet returned by the server.</returns>
            <remarks>
            <see cref="M:GuerrillaNtp.NtpPacket.#ctor" /> constructor
            creates valid request packet, which you can further customize.
            If you don't need any customization of the request packet, call <see cref="M:GuerrillaNtp.NtpClient.Query" /> instead.
            Returned <see cref="T:GuerrillaNtp.NtpPacket" /> contains correction offset in
            <see cref="P:GuerrillaNtp.NtpPacket.CorrectionOffset" /> property.
            </remarks>
            <exception cref="T:GuerrillaNtp.NtpException">
            Thrown when the request packet is invalid or when the server responds with invalid reply packet.
            </exception>
            <exception cref="T:System.Net.Sockets.SocketException">
            Thrown when no reply is received before <see cref="P:GuerrillaNtp.NtpClient.Timeout" /> is reached
            or when there is an error communicating with the server.
            </exception>
            <seealso cref="M:GuerrillaNtp.NtpClient.GetCorrectionOffset" />
            <seealso cref="P:GuerrillaNtp.NtpPacket.CorrectionOffset" />
            <seealso cref="M:GuerrillaNtp.NtpClient.Query" />
        </member>
        <member name="M:GuerrillaNtp.NtpClient.Query">
            <summary>
            Queries the SNTP server with default options.
            </summary>
            <remarks>
            Use this method to obtain additional details from the returned <see cref="T:GuerrillaNtp.NtpPacket" />
            besides <see cref="P:GuerrillaNtp.NtpPacket.CorrectionOffset" />.
            If you just need the correction offset, call <see cref="M:GuerrillaNtp.NtpClient.GetCorrectionOffset" /> instead.
            You can customize request packed by calling <see cref="M:GuerrillaNtp.NtpClient.Query(GuerrillaNtp.NtpPacket)" />.
            </remarks>
            <returns>SNTP reply packet returned by the server.</returns>
            <exception cref="T:GuerrillaNtp.NtpException">Thrown when the server responds with invalid reply packet.</exception>
            <exception cref="T:System.Net.Sockets.SocketException">
            Thrown when no reply is received before <see cref="P:GuerrillaNtp.NtpClient.Timeout" /> is reached
            or when there is an error communicating with the server.
            </exception>
            <seealso cref="M:GuerrillaNtp.NtpClient.GetCorrectionOffset" />
            <seealso cref="P:GuerrillaNtp.NtpPacket.CorrectionOffset" />
            <seealso cref="M:GuerrillaNtp.NtpClient.Query(GuerrillaNtp.NtpPacket)" />
        </member>
        <member name="T:GuerrillaNtp.NtpException">
            <summary>
            Represents errors that occur in SNTP packets or during SNTP operation.
            </summary>
        </member>
        <member name="P:GuerrillaNtp.NtpException.Packet">
            <summary>
            Gets the SNTP packet that caused this exception, if any.
            </summary>
            <value>
            SNTP packet that caused this exception, usually reply packet,
            or <c>null</c> if the error is not specific to any packet.
            </value>
        </member>
        <member name="T:GuerrillaNtp.NtpLeapIndicator">
            <summary>
            Represents leap second warning from the server that instructs the client to add or remove leap second.
            </summary>
            <seealso cref="P:GuerrillaNtp.NtpPacket.LeapIndicator" />
        </member>
        <member name="F:GuerrillaNtp.NtpLeapIndicator.NoWarning">
            <summary>
            No leap second warning. No action required.
            </summary>
        </member>
        <member name="F:GuerrillaNtp.NtpLeapIndicator.LastMinuteHas61Seconds">
            <summary>
            Warns the client that the last minute of the current day has 61 seconds.
            </summary>
        </member>
        <member name="F:GuerrillaNtp.NtpLeapIndicator.LastMinuteHas59Seconds">
            <summary>
            Warns the client that the last minute of the current day has 59 seconds.
            </summary>
        </member>
        <member name="F:GuerrillaNtp.NtpLeapIndicator.AlarmCondition">
            <summary>
            Special value indicating that the server clock is unsynchronized and the returned time is unreliable.
            </summary>
        </member>
        <member name="T:GuerrillaNtp.NtpMode">
            <summary>
            Describes SNTP packet mode, i.e. client or server.
            </summary>
            <seealso cref="P:GuerrillaNtp.NtpPacket.Mode" />
        </member>
        <member name="F:GuerrillaNtp.NtpMode.Client">
            <summary>
            Identifies client-to-server SNTP packet.
            </summary>
        </member>
        <member name="F:GuerrillaNtp.NtpMode.Server">
            <summary>
            Identifies server-to-client SNTP packet.
            </summary>
        </member>
        <member name="T:GuerrillaNtp.NtpPacket">
            <summary>
            Represents RFC4330 SNTP packet used for communication to and from a network time server.
            </summary>
            <remarks>
            <para>
            See <a href="https://guerrillantp.machinezoo.com/">project homepage</a> for guidance on how to use GuerrillaNtp.
            Most applications should just use the <see cref="P:GuerrillaNtp.NtpPacket.CorrectionOffset" /> property
            or even better call <see cref="M:GuerrillaNtp.NtpClient.GetCorrectionOffset" />.
            </para>
            <para>
            The same data structure represents both request and reply packets.
            Request and reply differ in which properties are set and to what values.
            </para>
            <para>
            The only real property is <see cref="P:GuerrillaNtp.NtpPacket.Bytes" />.
            All other properties read from and write to the underlying byte array
            with the exception of <see cref="P:GuerrillaNtp.NtpPacket.DestinationTimestamp" />,
            which is not part of the packet on network and it is instead set locally after receiving the packet.
            </para>
            </remarks>
            <seealso cref="T:GuerrillaNtp.NtpClient" />
            <seealso cref="M:GuerrillaNtp.NtpClient.Query(GuerrillaNtp.NtpPacket)" />
            <seealso cref="P:GuerrillaNtp.NtpPacket.CorrectionOffset" />
        </member>
        <member name="P:GuerrillaNtp.NtpPacket.Bytes">
            <summary>
            Gets RFC4330-encoded SNTP packet.
            </summary>
            <value>
            Byte array containing RFC4330-encoded SNTP packet. It is at least 48 bytes long.
            </value>
            <remarks>
            This is the only real property. All other properties except
            <see cref="P:GuerrillaNtp.NtpPacket.DestinationTimestamp" /> read from or write to this byte array.
            </remarks>
        </member>
        <member name="P:GuerrillaNtp.NtpPacket.LeapIndicator">
            <summary>
            Gets the leap second indicator.
            </summary>
            <value>
            Leap second warning, if any. Special value
            <see cref="F:GuerrillaNtp.NtpLeapIndicator.AlarmCondition" /> indicates unsynchronized server clock.
            Default is <see cref="F:GuerrillaNtp.NtpLeapIndicator.NoWarning" />.
            </value>
            <remarks>
            Only servers fill in this property. Clients can consult this property for possible leap second warning.
            </remarks>
        </member>
        <member name="P:GuerrillaNtp.NtpPacket.VersionNumber">
            <summary>
            Gets or sets protocol version number.
            </summary>
            <value>
            SNTP protocol version. Default is 4, which is the latest version at the time of this writing.
            </value>
            <remarks>
            In request packets, clients should leave this property at default value 4.
            Servers usually reply with the same protocol version.
            </remarks>
        </member>
        <member name="P:GuerrillaNtp.NtpPacket.Mode">
            <summary>
            Gets or sets SNTP packet mode, i.e. whether this is client or server packet.
            </summary>
            <value>
            SNTP packet mode. Default is <see cref="F:GuerrillaNtp.NtpMode.Client" /> in newly created packets.
            Server reply should have this property set to <see cref="F:GuerrillaNtp.NtpMode.Server" />.
            </value>
        </member>
        <member name="P:GuerrillaNtp.NtpPacket.Stratum">
            <summary>
            Gets server's distance from the reference clock.
            </summary>
            <value>
            <para>
            Distance from the reference clock. This property is set only in server reply packets.
            Servers connected directly to reference clock hardware set this property to 1.
            Statum number is incremented by 1 on every hop down the NTP server hierarchy.
            </para>
            <para>
            Special value 0 indicates that this packet is a Kiss-o'-Death message
            with kiss code stored in <see cref="P:GuerrillaNtp.NtpPacket.ReferenceId" />.
            </para>
            </value>
        </member>
        <member name="P:GuerrillaNtp.NtpPacket.Poll">
            <summary>
            Gets server's preferred polling interval.
            </summary>
            <value>
            Polling interval in log₂ seconds, e.g. 4 stands for 16s and 17 means 131,072s.
            </value>
        </member>
        <member name="P:GuerrillaNtp.NtpPacket.Precision">
            <summary>
            Gets the precision of server clock.
            </summary>
            <value>
            Clock precision in log₂ seconds, e.g. -20 for microsecond precision.
            </value>
        </member>
        <member name="P:GuerrillaNtp.NtpPacket.RootDelay">
            <summary>
            Gets the total round-trip delay from the server to the reference clock.
            </summary>
            <value>
            Round-trip delay to the reference clock. Normally a positive value smaller than one second.
            </value>
        </member>
        <member name="P:GuerrillaNtp.NtpPacket.RootDispersion">
            <summary>
            Gets the estimated error in time reported by the server.
            </summary>
            <value>
            Estimated error in time reported by the server. Normally a positive value smaller than one second.
            </value>
        </member>
        <member name="P:GuerrillaNtp.NtpPacket.ReferenceId">
            <summary>
            Gets the ID of the time source used by the server or Kiss-o'-Death code sent by the server.
            </summary>
            <value>
            <para>
            ID of server's time source or Kiss-o'-Death code.
            Purpose of this property depends on value of <see cref="P:GuerrillaNtp.NtpPacket.Stratum" /> property.
            </para>
            <para>
            Stratum 1 servers write here one of several special values that describe the kind of hardware clock they use.
            </para>
            <para>
            Stratum 2 and lower servers set this property to IPv4 address of their upstream server.
            If upstream server has IPv6 address, the address is hashed, because it doesn't fit in this property.
            </para>
            <para>
            When server sets <see cref="P:GuerrillaNtp.NtpPacket.Stratum" /> to special value 0,
            this property contains so called kiss code that instructs the client to stop querying the server.
            </para>
            </value>
        </member>
        <member name="P:GuerrillaNtp.NtpPacket.ReferenceTimestamp">
            <summary>
            Gets or sets the time when the server clock was last set or corrected.
            </summary>
            <value>
            Time when the server clock was last set or corrected or <c>null</c> when not specified.
            </value>
            <remarks>
            This Property is usually set only by servers. It usually lags server's current time by several minutes,
            so don't use this property for time synchronization.
            </remarks>
        </member>
        <member name="P:GuerrillaNtp.NtpPacket.OriginTimestamp">
            <summary>
            Gets or sets the time when the client sent its request.
            </summary>
            <value>
            This property is <c>null</c> in request packets.
            In reply packets, it is the time when the client sent its request.
            Servers copy this value from <see cref="P:GuerrillaNtp.NtpPacket.TransmitTimestamp" />
            that they find in received request packet.
            </value>
            <seealso cref="P:GuerrillaNtp.NtpPacket.CorrectionOffset" />
            <seealso cref="P:GuerrillaNtp.NtpPacket.RoundTripTime" />
        </member>
        <member name="P:GuerrillaNtp.NtpPacket.ReceiveTimestamp">
            <summary>
            Gets or sets the time when the request was received by the server.
            </summary>
            <value>
            This property is <c>null</c> in request packets.
            In reply packets, it is the time when the server received client request.
            </value>
            <seealso cref="P:GuerrillaNtp.NtpPacket.CorrectionOffset" />
            <seealso cref="P:GuerrillaNtp.NtpPacket.RoundTripTime" />
        </member>
        <member name="P:GuerrillaNtp.NtpPacket.TransmitTimestamp">
            <summary>
            Gets or sets the time when the packet was sent.
            </summary>
            <value>
            Time when the packet was sent. It should never be <c>null</c>.
            Default value is <see cref="P:System.DateTime.UtcNow" />.
            </value>
            <remarks>
            This property must be set by both clients and servers.
            </remarks>
            <seealso cref="P:GuerrillaNtp.NtpPacket.CorrectionOffset" />
            <seealso cref="P:GuerrillaNtp.NtpPacket.RoundTripTime" />
        </member>
        <member name="P:GuerrillaNtp.NtpPacket.DestinationTimestamp">
            <summary>
            Gets or sets the time of reception of response SNTP packet on the client.
            </summary>
            <value>
            Time of reception of response SNTP packet on the client. It is <c>null</c> in request packets.
            </value>
            <remarks>
            This property is not part of the protocol.
            It is set by <see cref="T:GuerrillaNtp.NtpClient" /> when reply packet is received.
            </remarks>
            <seealso cref="P:GuerrillaNtp.NtpPacket.CorrectionOffset" />
            <seealso cref="P:GuerrillaNtp.NtpPacket.RoundTripTime" />
        </member>
        <member name="P:GuerrillaNtp.NtpPacket.RoundTripTime">
            <summary>
            Gets the round-trip time to the server.
            </summary>
            <value>
            Time the request spent travelling to the server plus the time the reply spent travelling back.
            This is calculated from timestamps in the packet as <c>(t1 - t0) + (t3 - t2)</c>
            where t0 is <see cref="P:GuerrillaNtp.NtpPacket.OriginTimestamp" />,
            t1 is <see cref="P:GuerrillaNtp.NtpPacket.ReceiveTimestamp" />,
            t2 is <see cref="P:GuerrillaNtp.NtpPacket.TransmitTimestamp" />,
            and t3 is <see cref="P:GuerrillaNtp.NtpPacket.DestinationTimestamp" />.
            This property throws an exception in request packets.
            </value>
            <exception cref="T:GuerrillaNtp.NtpException">Thrown when one of the required timestamps is not present.</exception>
            <seealso cref="P:GuerrillaNtp.NtpPacket.OriginTimestamp" />
            <seealso cref="P:GuerrillaNtp.NtpPacket.ReceiveTimestamp" />
            <seealso cref="P:GuerrillaNtp.NtpPacket.TransmitTimestamp" />
            <seealso cref="P:GuerrillaNtp.NtpPacket.DestinationTimestamp" />
            <seealso cref="P:GuerrillaNtp.NtpPacket.CorrectionOffset" />
        </member>
        <member name="P:GuerrillaNtp.NtpPacket.CorrectionOffset">
            <summary>
            Gets the offset that should be added to local time to synchronize it with server time.
            </summary>
            <value>
            Time difference between server and client. It should be added to local time to get server time.
            It is calculated from timestamps in the packet as <c>0.5 * ((t1 - t0) - (t3 - t2))</c>
            where t0 is <see cref="P:GuerrillaNtp.NtpPacket.OriginTimestamp" />,
            t1 is <see cref="P:GuerrillaNtp.NtpPacket.ReceiveTimestamp" />,
            t2 is <see cref="P:GuerrillaNtp.NtpPacket.TransmitTimestamp" />,
            and t3 is <see cref="P:GuerrillaNtp.NtpPacket.DestinationTimestamp" />.
            This property throws an exception in request packets.
            </value>
            <exception cref="T:GuerrillaNtp.NtpException">Thrown when one of the required timestamps is not present.</exception>
            <seealso cref="M:GuerrillaNtp.NtpClient.GetCorrectionOffset" />
            <seealso cref="P:GuerrillaNtp.NtpPacket.OriginTimestamp" />
            <seealso cref="P:GuerrillaNtp.NtpPacket.ReceiveTimestamp" />
            <seealso cref="P:GuerrillaNtp.NtpPacket.TransmitTimestamp" />
            <seealso cref="P:GuerrillaNtp.NtpPacket.DestinationTimestamp" />
            <seealso cref="P:GuerrillaNtp.NtpPacket.RoundTripTime" />
        </member>
        <member name="M:GuerrillaNtp.NtpPacket.#ctor">
            <summary>
            Initializes default request packet.
            </summary>
            <remarks>
            Created request packet can be passed to <see cref="M:GuerrillaNtp.NtpClient.Query(GuerrillaNtp.NtpPacket)" />.
            Properties <see cref="P:GuerrillaNtp.NtpPacket.Mode" /> and <see cref="P:GuerrillaNtp.NtpPacket.VersionNumber" />
            are set appropriately for request packet. Property <see cref="P:GuerrillaNtp.NtpPacket.TransmitTimestamp" />
            is set to <see cref="P:System.DateTime.UtcNow" />.
            </remarks>
            <seealso cref="M:GuerrillaNtp.NtpClient.Query(GuerrillaNtp.NtpPacket)" />
        </member>
    </members>
</doc>
